{"cameraMode":{"drawMode":0,"name":"Shaded","section":"Shading Mode"},"sceneLighting":false,"audioPlay":false,"sceneViewState":{"m_AlwaysRefresh":false,"showFog":true,"showSkybox":false,"showFlares":true,"showImageEffects":true,"showParticleSystems":true,"showVisualEffectGraphs":true,"m_FxEnabled":true},"in2DMode":false,"pivot":{"x":-0.718316376209259,"y":1.507965326309204,"z":0.6761201024055481},"rotation":{"x":-0.05666150152683258,"y":-0.0015010348288342357,"z":-0.00007999304943950847,"w":0.9984144568443298},"size":4.035763263702393,"orthographic":false}