{"cameraMode":{"drawMode":0,"name":"Shaded","section":"Shading Mode"},"sceneLighting":true,"audioPlay":false,"sceneViewState":{"m_AlwaysRefresh":false,"showFog":true,"showSkybox":true,"showFlares":true,"showImageEffects":true,"showParticleSystems":true,"showVisualEffectGraphs":true,"m_FxEnabled":true},"in2DMode":false,"pivot":{"x":170.69927978515626,"y":-99.90149688720703,"z":802.8191528320313},"rotation":{"x":-0.1987655907869339,"y":0.27792415022850039,"z":-0.058884236961603168,"w":-0.9380130767822266},"size":348.10211181640627,"orthographic":false}